@_fa,prism:url,dc:identifier,eid,dc:title,dc:creator,prism:publicationName,prism:issn,prism:volume,prism:issueIdentifier,prism:pageRange,prism:coverDate,prism:coverDisplayDate,prism:doi,citedby-count,prism:aggregationType,subtype,subtypeDescription,author-count.@limit,author-count.@total,author-count.$,source-id,fund-no,openaccess,openaccessFlag,entry_number,freetoread.value.$,freetoreadLabel.value.$
true,https://api.elsevier.com/content/abstract/scopus_id/0028181570,SCOPUS_ID:0028181570,2-s2.0-0028181570,"Diet preference of sheep: Effects of recent diet, physiological state and species abundance",Parsons A.,Journal of Animal Ecology,00218790,63,2,465-478,1994-01-01,1994,10.2307/5563,232,Journal,ar,Article,100,5,5,29544,undefined,0,FALSE,1,NA,NA
true,https://api.elsevier.com/content/abstract/scopus_id/0028181569,SCOPUS_ID:0028181569,2-s2.0-0028181569,Processing chain ecology: Resource condition and interspecific interactions,Heard S.,Journal of Animal Ecology,00218790,63,2,451-464,1994-01-01,1994,10.2307/5562,82,Journal,ar,Article,100,1,1,29544,undefined,0,FALSE,2,NA,NA
true,https://api.elsevier.com/content/abstract/scopus_id/0028181568,SCOPUS_ID:0028181568,2-s2.0-0028181568,Geographical ranges of Australian mammals,Smith F.,Journal of Animal Ecology,00218790,63,2,441-450,1994-01-01,1994,10.2307/5561,80,Journal,ar,Article,100,3,3,29544,undefined,0,FALSE,3,NA,NA
true,https://api.elsevier.com/content/abstract/scopus_id/0028181567,SCOPUS_ID:0028181567,2-s2.0-0028181567,Incumbent advantage in common lizards and their colonizing ability,Massot M.,Journal of Animal Ecology,00218790,63,2,431-440,1994-01-01,1994,10.2307/5560,55,Journal,ar,Article,100,4,4,29544,undefined,0,FALSE,4,NA,NA
true,https://api.elsevier.com/content/abstract/scopus_id/0028181566,SCOPUS_ID:0028181566,2-s2.0-0028181566,Facultative behaviour in unpredictable environments: Mobility of red kangaroos in arid Western Australia,Norbury G.,Journal of Animal Ecology,00218790,63,2,410-418,1994-01-01,1994,10.2307/5558,52,Journal,ar,Article,100,3,3,29544,undefined,0,FALSE,5,NA,NA
true,https://api.elsevier.com/content/abstract/scopus_id/0028181565,SCOPUS_ID:0028181565,2-s2.0-0028181565,Population dynamic consequences of direct and indirect interactions involving a large blue butterfly and its plant and red ant hosts,Hochberg M.E.,Journal of Animal Ecology,00218790,63,2,375-391,1994-01-01,1994,10.2307/5555,73,Journal,ar,Article,100,4,4,29544,undefined,0,FALSE,6,NA,NA
true,https://api.elsevier.com/content/abstract/scopus_id/0028181563,SCOPUS_ID:0028181563,2-s2.0-0028181563,Spatially induced bifurcations in single-species population dynamics,Bascompte J.,Journal of Animal Ecology,00218790,63,2,256-264,1994-01-01,1994,10.2307/5544,69,Journal,ar,Article,100,2,2,29544,undefined,0,FALSE,7,all,All Open Access
true,https://api.elsevier.com/content/abstract/scopus_id/0028181562,SCOPUS_ID:0028181562,2-s2.0-0028181562,Defence reactions in aphids: The influence of state and future reproductive success,Stadler B.,Journal of Animal Ecology,00218790,63,2,419-430,1994-01-01,1994,10.2307/5559,32,Journal,ar,Article,100,3,3,29544,undefined,0,FALSE,8,NA,NA
true,https://api.elsevier.com/content/abstract/scopus_id/0028181561,SCOPUS_ID:0028181561,2-s2.0-0028181561,Ecological structure among migrant and resident seabirds of the Scotia-Weddell Confluence region,Ainley D.,Journal of Animal Ecology,00218790,63,2,347-364,1994-01-01,1994,10.2307/5553,72,Journal,ar,Article,100,3,3,29544,undefined,0,FALSE,9,NA,NA
true,https://api.elsevier.com/content/abstract/scopus_id/0028181560,SCOPUS_ID:0028181560,2-s2.0-0028181560,"Fecundity versus offspring size in the greater white-toothed shrew, Crocidura russula",Genoud M.,Journal of Animal Ecology,00218790,63,2,328-336,1994-01-01,1994,10.2307/5551,15,Journal,ar,Article,100,2,2,29544,undefined,0,FALSE,10,NA,NA
true,https://api.elsevier.com/content/abstract/scopus_id/0028181559,SCOPUS_ID:0028181559,2-s2.0-0028181559,Evenness of abundance in bird communities,Cotgreave P.,Journal of Animal Ecology,00218790,63,2,365-374,1994-01-01,1994,10.2307/5554,40,Journal,ar,Article,100,2,2,29544,undefined,0,FALSE,11,NA,NA
true,https://api.elsevier.com/content/abstract/scopus_id/0028181558,SCOPUS_ID:0028181558,2-s2.0-0028181558,The regular alternation of short and long foraging trips in the blue petrel Halobaena caerulea: A previously undescribed strategy of food provisioning in a pelagic seabird,Chaurand T.,Journal of Animal Ecology,00218790,63,2,275-282,1994-01-01,1994,10.2307/5546,193,Journal,ar,Article,100,2,2,29544,undefined,0,FALSE,12,NA,NA
true,https://api.elsevier.com/content/abstract/scopus_id/0028181557,SCOPUS_ID:0028181557,2-s2.0-0028181557,Population growth on a patchy resource: Some insights provided by studies of a histophagous protozoan,Naeem S.,Journal of Animal Ecology,00218790,63,2,399-409,1994-01-01,1994,10.2307/5557,5,Journal,ar,Article,100,2,2,29544,undefined,0,FALSE,13,NA,NA
true,https://api.elsevier.com/content/abstract/scopus_id/0028181552,SCOPUS_ID:0028181552,2-s2.0-0028181552,After the decline: What maintains low winter moth density after successful biological control?,Roland J.,Journal of Animal Ecology,00218790,63,2,392-398,1994-01-01,1994,10.2307/5556,36,Journal,ar,Article,100,1,1,29544,undefined,0,FALSE,14,all,All Open Access
true,https://api.elsevier.com/content/abstract/scopus_id/0028181550,SCOPUS_ID:0028181550,2-s2.0-0028181550,Immigration and the dynamics of a predator-prey interaction in biological control,Walde S.,Journal of Animal Ecology,00218790,63,2,337-346,1994-01-01,1994,10.2307/5552,43,Journal,ar,Article,100,1,1,29544,undefined,0,FALSE,15,NA,NA
true,https://api.elsevier.com/content/abstract/scopus_id/0028181549,SCOPUS_ID:0028181549,2-s2.0-0028181549,"Encounters between red foxes (Vulpes vulpes): Implications for territory maintenance, social cohesion and dispersal",White P.,Journal of Animal Ecology,00218790,63,2,315-327,1994-01-01,1994,10.2307/5550,94,Journal,ar,Article,100,2,2,29544,undefined,0,FALSE,16,NA,NA
true,https://api.elsevier.com/content/abstract/scopus_id/0028181547,SCOPUS_ID:0028181547,2-s2.0-0028181547,"Egg load and the decision to host-feed in the parasitoid, Aphytis melinus",Collier T.,Journal of Animal Ecology,00218790,63,2,299-306,1994-01-01,1994,10.2307/5548,60,Journal,ar,Article,100,3,3,29544,undefined,0,FALSE,17,NA,NA
true,https://api.elsevier.com/content/abstract/scopus_id/0028181545,SCOPUS_ID:0028181545,2-s2.0-0028181545,"Brood size, hatching order and hatching date: Effects on four life-history stages from hatching to recruitment in western gulls",Spear L.,Journal of Animal Ecology,00218790,63,2,283-298,1994-01-01,1994,10.2307/5547,117,Journal,ar,Article,100,2,2,29544,undefined,0,FALSE,18,NA,NA
true,https://api.elsevier.com/content/abstract/scopus_id/0028181544,SCOPUS_ID:0028181544,2-s2.0-0028181544,Sex- and size-dependent mating tactics in a natural population of shore crabs Carcinus maenas,van der Meeren G.I.,Journal of Animal Ecology,00218790,63,2,307-314,1994-01-01,1994,10.2307/5549,36,Journal,ar,Article,100,1,1,29544,undefined,0,FALSE,19,NA,NA
true,https://api.elsevier.com/content/abstract/scopus_id/0028181543,SCOPUS_ID:0028181543,2-s2.0-0028181543,Common mechanisms underlying contrasting dynamics in two populations of the pine looper moth,Broekhuizen N.,Journal of Animal Ecology,00218790,63,2,245-255,1994-01-01,1994,10.2307/5543,10,Journal,ar,Article,100,3,3,29544,undefined,0,FALSE,20,NA,NA
true,https://api.elsevier.com/content/abstract/scopus_id/0028181542,SCOPUS_ID:0028181542,2-s2.0-0028181542,Colonial and solitary nesting choice as alternative breeding tactics in tree sparrow Passer montanus,Sasvari L.,Journal of Animal Ecology,00218790,63,2,265-274,1994-01-01,1994,10.2307/5545,8,Journal,ar,Article,100,2,2,29544,undefined,0,FALSE,21,NA,NA
true,https://api.elsevier.com/content/abstract/scopus_id/0028180956,SCOPUS_ID:0028180956,2-s2.0-0028180956,Costs and benefits of egg clustering in Pieris brassicae,Le Masurier A.D.,Journal of Animal Ecology,00218790,63,3,677-685,1994-01-01,1994,10.2307/5233,39,Journal,ar,Article,100,1,1,29544,undefined,0,FALSE,22,NA,NA
true,https://api.elsevier.com/content/abstract/scopus_id/0028180935,SCOPUS_ID:0028180935,2-s2.0-0028180935,Phenotypic selection on the process of gall formation of a Tetraneura aphid (Pemphigidae),Akimoto S.,Journal of Animal Ecology,00218790,63,3,727-738,1994-01-01,1994,10.2307/5237,33,Journal,ar,Article,100,2,2,29544,undefined,0,FALSE,23,NA,NA
true,https://api.elsevier.com/content/abstract/scopus_id/0028180929,SCOPUS_ID:0028180929,2-s2.0-0028180929,Age and reproduction in savannah sparrows and tree swallows,Wheelwright N.,Journal of Animal Ecology,00218790,63,3,686-702,1994-01-01,1994,10.2307/5234,57,Journal,ar,Article,100,2,2,29544,undefined,0,FALSE,24,NA,NA
true,https://api.elsevier.com/content/abstract/scopus_id/0028180928,SCOPUS_ID:0028180928,2-s2.0-0028180928,The relationship between abundance and performance of Eriocrania miners in the field: Effects of the scale and larval traits studied,Koricheva J.,Journal of Animal Ecology,00218790,63,3,714-726,1994-01-01,1994,10.2307/5236,9,Journal,ar,Article,100,2,2,29544,undefined,0,FALSE,25,NA,NA
true,https://api.elsevier.com/content/abstract/scopus_id/0028180922,SCOPUS_ID:0028180922,2-s2.0-0028180922,Foraging behaviour of Antarctic fur seals during periods of contrasting prey abundance,Boyd I.,Journal of Animal Ecology,00218790,63,3,703-713,1994-01-01,1994,10.2307/5235,209,Journal,ar,Article,100,4,4,29544,undefined,0,FALSE,26,NA,NA
true,https://api.elsevier.com/content/abstract/scopus_id/0028180917,SCOPUS_ID:0028180917,2-s2.0-0028180917,Dispersal of a galling sawfly: Implications for studies of insect population dynamics,Stein S.,Journal of Animal Ecology,00218790,63,3,666-676,1994-01-01,1994,10.2307/5232,27,Journal,ar,Article,100,4,4,29544,undefined,0,FALSE,27,NA,NA
true,https://api.elsevier.com/content/abstract/scopus_id/0028180916,SCOPUS_ID:0028180916,2-s2.0-0028180916,Temporal predictability in forest soil communities,Bengtsson J.,Journal of Animal Ecology,00218790,63,3,653-665,1994-01-01,1994,10.2307/5231,54,Journal,ar,Article,100,1,1,29544,undefined,0,FALSE,28,NA,NA
true,https://api.elsevier.com/content/abstract/scopus_id/0028180915,SCOPUS_ID:0028180915,2-s2.0-0028180915,The unselfish swarm?,Young S.,Journal of Animal Ecology,00218790,63,3,611-618,1994-01-01,1994,10.2307/5227,30,Journal,ar,Article,100,4,4,29544,undefined,0,FALSE,29,NA,NA
true,https://api.elsevier.com/content/abstract/scopus_id/0028180914,SCOPUS_ID:0028180914,2-s2.0-0028180914,Spatial and temporal co-occurrence of competitors in southern African dung beetle communities,Giller P.,Journal of Animal Ecology,00218790,63,3,629-643,1994-01-01,1994,10.2307/5229,48,Journal,ar,Article,100,2,2,29544,undefined,0,FALSE,30,NA,NA
true,https://api.elsevier.com/content/abstract/scopus_id/0028180913,SCOPUS_ID:0028180913,2-s2.0-0028180913,Reproductive effort influences the prevalence of haematozoan parasites in great tits,Norris K.,Journal of Animal Ecology,00218790,63,3,601-610,1994-01-01,1994,10.2307/5226,182,Journal,ar,Article,100,3,3,29544,undefined,0,FALSE,31,NA,NA
true,https://api.elsevier.com/content/abstract/scopus_id/0028180910,SCOPUS_ID:0028180910,2-s2.0-0028180910,Functional response of wolves preying on barren-ground caribou in a multiple-prey ecosystem,Dale B.W.,Journal of Animal Ecology,00218790,63,3,644-652,1994-01-01,1994,10.2307/5230,138,Journal,ar,Article,100,3,3,29544,undefined,0,FALSE,32,NA,NA
true,https://api.elsevier.com/content/abstract/scopus_id/0028180909,SCOPUS_ID:0028180909,2-s2.0-0028180909,Rapid or delayed tracking of multi-annual vole cycles by avian predators?,Korpimaki E.,Journal of Animal Ecology,00218790,63,3,619-628,1994-01-01,1994,10.2307/5228,122,Journal,ar,Article,100,1,1,29544,undefined,0,FALSE,33,NA,NA
true,https://api.elsevier.com/content/abstract/scopus_id/0028180908,SCOPUS_ID:0028180908,2-s2.0-0028180908,"Habitat distributions of wintering sparrows along an elevational gradient: Tests of the food, predation and microhabitat structure hypotheses",Repasky R.R.,Journal of Animal Ecology,00218790,63,3,569-582,1994-01-01,1994,10.2307/5223,21,Journal,ar,Article,100,2,2,29544,undefined,0,FALSE,34,NA,NA
true,https://api.elsevier.com/content/abstract/scopus_id/0028180907,SCOPUS_ID:0028180907,2-s2.0-0028180907,Energetic efficiency of reproduction: The benefits of asynchronous hatching for American kestrels,Wiebe K.,Journal of Animal Ecology,00218790,63,3,551-560,1994-01-01,1994,10.2307/5221,50,Journal,ar,Article,100,2,2,29544,undefined,0,FALSE,35,NA,NA
true,https://api.elsevier.com/content/abstract/scopus_id/0028180906,SCOPUS_ID:0028180906,2-s2.0-0028180906,Age-dependent choice of redshank (Tringa totanus) feeding location: Profitability or risk?,Cresswell W.,Journal of Animal Ecology,00218790,63,3,589-600,1994-01-01,1994,10.2307/5225,143,Journal,ar,Article,100,1,1,29544,undefined,0,FALSE,36,NA,NA
true,https://api.elsevier.com/content/abstract/scopus_id/0028180905,SCOPUS_ID:0028180905,2-s2.0-0028180905,"Biomass of rain forest mammals in the Lope Reserve, Gabon",White L.J.T.,Journal of Animal Ecology,00218790,63,3,499-512,1994-01-01,1994,10.2307/5217,132,Journal,ar,Article,100,1,1,29544,undefined,0,FALSE,37,NA,NA
true,https://api.elsevier.com/content/abstract/scopus_id/0028180904,SCOPUS_ID:0028180904,2-s2.0-0028180904,"The effects of a sublethal baculovirus infection in the Indian meal moth, Plodia interpunctella",Sait S.,Journal of Animal Ecology,00218790,63,3,541-550,1994-01-01,1994,10.2307/5220,79,Journal,ar,Article,100,3,3,29544,undefined,0,FALSE,38,NA,NA
true,https://api.elsevier.com/content/abstract/scopus_id/0028180903,SCOPUS_ID:0028180903,2-s2.0-0028180903,The structure of a tropical host-parasitoid community,Memmott J.,Journal of Animal Ecology,00218790,63,3,521-540,1994-01-01,1994,10.2307/5219,151,Journal,ar,Article,100,3,3,29544,undefined,0,FALSE,39,NA,NA
true,https://api.elsevier.com/content/abstract/scopus_id/0028180902,SCOPUS_ID:0028180902,2-s2.0-0028180902,Seasonal effects on superparasitism by Rhagoletis completa,Lalonde R.,Journal of Animal Ecology,00218790,63,3,583-588,1994-01-01,1994,10.2307/5224,31,Journal,ar,Article,100,2,2,29544,undefined,0,FALSE,40,NA,NA
true,https://api.elsevier.com/content/abstract/scopus_id/0028180901,SCOPUS_ID:0028180901,2-s2.0-0028180901,Food- and density-dependent dispersal: Evidence from a soil collembolan,Bengtsson G.,Journal of Animal Ecology,00218790,63,3,513-520,1994-01-01,1994,10.2307/5218,86,Journal,ar,Article,100,3,3,29544,undefined,0,FALSE,41,NA,NA
true,https://api.elsevier.com/content/abstract/scopus_id/0028180803,SCOPUS_ID:0028180803,2-s2.0-0028180803,"Components of lifetime reproductive success in adders, Vipera berus",Madsen T.,Journal of Animal Ecology,00218790,63,3,561-568,1994-01-01,1994,10.2307/5222,38,Journal,ar,Article,100,2,2,29544,undefined,0,FALSE,42,NA,NA
true,https://api.elsevier.com/content/abstract/scopus_id/0028179911,SCOPUS_ID:0028179911,2-s2.0-0028179911,Directions in conservation biology,Caughley G.,Journal of Animal Ecology,00218790,63,2,215-244,1994-01-01,1994,10.2307/5542,1456,Journal,re,Review,100,1,1,29544,undefined,0,FALSE,43,NA,NA
true,https://api.elsevier.com/content/abstract/scopus_id/0028173784,SCOPUS_ID:0028173784,2-s2.0-0028173784,Energetic bottle-necks during breeding and the reproductive cost of being too early,Nilsson J.A.,Journal of Animal Ecology,00218790,63,1,200-208,1994-01-01,1994,10.2307/5595,111,Journal,ar,Article,100,1,1,29544,undefined,0,FALSE,44,NA,NA
true,https://api.elsevier.com/content/abstract/scopus_id/0028173782,SCOPUS_ID:0028173782,2-s2.0-0028173782,Ecological and genetic spatial patterns of Urophora cardui (Diptera: Tephritidae) as evidence for population structure and biogeographical processes,Eber S.,Journal of Animal Ecology,00218790,63,1,187-199,1994-01-01,1994,10.2307/5594,54,Journal,ar,Article,100,2,2,29544,undefined,0,FALSE,45,NA,NA
true,https://api.elsevier.com/content/abstract/scopus_id/0028173772,SCOPUS_ID:0028173772,2-s2.0-0028173772,Performance of insect herbivores on hybridizing trees: The case of the subarctic birches,Hanhimaki S.,Journal of Animal Ecology,00218790,63,1,163-175,1994-01-01,1994,10.2307/5592,35,Journal,ar,Article,100,3,3,29544,undefined,0,FALSE,46,NA,NA
true,https://api.elsevier.com/content/abstract/scopus_id/0028173771,SCOPUS_ID:0028173771,2-s2.0-0028173771,A practical model of metapopulation dynamics,Hanski I.,Journal of Animal Ecology,00218790,63,1,151-162,1994-01-01,1994,10.2307/5591,1152,Journal,ar,Article,100,1,1,29544,undefined,0,FALSE,47,NA,NA
true,https://api.elsevier.com/content/abstract/scopus_id/0028173770,SCOPUS_ID:0028173770,2-s2.0-0028173770,"Food availability, parental care and male mating success in red-winged blackbirds (Agelaius phoeniceus)",Whittingham L.,Journal of Animal Ecology,00218790,63,1,139-150,1994-01-01,1994,10.2307/5590,47,Journal,ar,Article,100,2,2,29544,undefined,0,FALSE,48,NA,NA
true,https://api.elsevier.com/content/abstract/scopus_id/0028173768,SCOPUS_ID:0028173768,2-s2.0-0028173768,Guerilla vs. phalanx strategies of resource capture: Growth and structural plasticity in the trunk trail system of the harvester ant Messor barbarus,Lopez F.,Journal of Animal Ecology,00218790,63,1,127-138,1994-01-01,1994,10.2307/5589,30,Journal,ar,Article,100,3,3,29544,undefined,0,FALSE,49,NA,NA
true,https://api.elsevier.com/content/abstract/scopus_id/0028173759,SCOPUS_ID:0028173759,2-s2.0-0028173759,"The energy budget, niche shift, reproduction and growth in a population of Arctic charr, Salvelinus alpinus",Forseth T.,Journal of Animal Ecology,00218790,63,1,116-126,1994-01-01,1994,10.2307/5588,75,Journal,ar,Article,100,3,3,29544,undefined,0,FALSE,50,NA,NA
true,https://api.elsevier.com/content/abstract/scopus_id/0028173756,SCOPUS_ID:0028173756,2-s2.0-0028173756,Lekking by default: Female habitat preferences and male strategies in Uganda kob,Deutsch J.,Journal of Animal Ecology,00218790,63,1,101-115,1994-01-01,1994,10.2307/5587,34,Journal,ar,Article,100,1,1,29544,undefined,0,FALSE,51,NA,NA
true,https://api.elsevier.com/content/abstract/scopus_id/0028173753,SCOPUS_ID:0028173753,2-s2.0-0028173753,Population cycles of forest Lepidoptera: A maternal effect hypothesis,Ginzburg L.,Journal of Animal Ecology,00218790,63,1,79-92,1994-01-01,1994,10.2307/5585,172,Journal,ar,Article,100,2,2,29544,undefined,0,FALSE,52,NA,NA
true,https://api.elsevier.com/content/abstract/scopus_id/0028173752,SCOPUS_ID:0028173752,2-s2.0-0028173752,Food limitation in lake-dwelling leeches: Field experiments,Martin A.,Journal of Animal Ecology,00218790,63,1,93-100,1994-01-01,1994,10.2307/5586,9,Journal,ar,Article,100,3,3,29544,undefined,0,FALSE,53,NA,NA
true,https://api.elsevier.com/content/abstract/scopus_id/0028173747,SCOPUS_ID:0028173747,2-s2.0-0028173747,Mass changes of least auklets Aethia pusilla during the breeding season: Evidence for programmed loss of mass,Jones I.L.,Journal of Animal Ecology,00218790,63,1,71-78,1994-01-01,1994,10.2307/5584,47,Journal,ar,Article,100,1,1,29544,undefined,0,FALSE,54,NA,NA
true,https://api.elsevier.com/content/abstract/scopus_id/0028173740,SCOPUS_ID:0028173740,2-s2.0-0028173740,Annual and long-term variation in the survival rates of British lapwings Vanellus vanellus,Peach W.,Journal of Animal Ecology,00218790,63,1,60-70,1994-01-01,1994,10.2307/5583,108,Journal,ar,Article,100,3,3,29544,undefined,0,FALSE,55,NA,NA
true,https://api.elsevier.com/content/abstract/scopus_id/0028173725,SCOPUS_ID:0028173725,2-s2.0-0028173725,A spatial depletion model of the interaction between bean geese and wigeon with the consequences for habitat management,Sutherland W.J.,Journal of Animal Ecology,00218790,63,1,51-59,1994-01-01,1994,10.2307/5582,69,Journal,ar,Article,100,2,2,29544,undefined,0,FALSE,56,NA,NA
true,https://api.elsevier.com/content/abstract/scopus_id/0028173722,SCOPUS_ID:0028173722,2-s2.0-0028173722,"Kin landownership, differential aggression between kin and non-kin, and population fluctuations in red grouse",Watson A.,Journal of Animal Ecology,00218790,63,1,39-50,1994-01-01,1994,10.2307/5581,82,Journal,ar,Article,100,5,5,29544,undefined,0,FALSE,57,NA,NA
true,https://api.elsevier.com/content/abstract/scopus_id/0028173715,SCOPUS_ID:0028173715,2-s2.0-0028173715,Changes in the distribution and activity of female harbour seals during the breeding season: Implications for their lactation strategy and mating patterns,Thompson P.,Journal of Animal Ecology,00218790,63,1,24-30,1994-01-01,1994,10.2307/5579,83,Journal,ar,Article,100,4,4,29544,undefined,0,FALSE,58,NA,NA
true,https://api.elsevier.com/content/abstract/scopus_id/0028173711,SCOPUS_ID:0028173711,2-s2.0-0028173711,The population dynamic consequences of phenological asynchrony between parasitoids and their hosts,Godfray H.,Journal of Animal Ecology,00218790,63,1,1-10,1994-01-01,1994,10.2307/5577,121,Journal,ar,Article,100,3,3,29544,undefined,0,FALSE,59,NA,NA
true,https://api.elsevier.com/content/abstract/scopus_id/0028173708,SCOPUS_ID:0028173708,2-s2.0-0028173708,Spatial heterogeneity in a butterfly-host plant interaction,Rodriguez J.,Journal of Animal Ecology,00218790,63,1,31-38,1994-01-01,1994,10.2307/5580,33,Journal,ar,Article,100,3,3,29544,undefined,0,FALSE,60,NA,NA
true,https://api.elsevier.com/content/abstract/scopus_id/0028173705,SCOPUS_ID:0028173705,2-s2.0-0028173705,"Nutrient reserves, probability of cold spells and the question of reserve regulation in wintering canvasbacks",Lovvorn J.,Journal of Animal Ecology,00218790,63,1,11-23,1994-01-01,1994,10.2307/5578,47,Journal,ar,Article,100,1,1,29544,undefined,0,FALSE,61,NA,NA
true,https://api.elsevier.com/content/abstract/scopus_id/0028163066,SCOPUS_ID:0028163066,2-s2.0-0028163066,Patterns of overlap in the geographic ranges of Palearctic and British mammals,Letcher A.,Journal of Animal Ecology,00218790,63,4,871-879,1994-01-01,1994,10.2307/5264,32,Journal,ar,Article,100,4,4,29544,undefined,0,FALSE,62,NA,NA
true,https://api.elsevier.com/content/abstract/scopus_id/0028163058,SCOPUS_ID:0028163058,2-s2.0-0028163058,Tropical forest fragmentation and isolation promote asynchrony among populations of a frugivorous rodent,Adler G.,Journal of Animal Ecology,00218790,63,4,903-911,1994-01-01,1994,10.2307/5267,51,Journal,ar,Article,100,1,1,29544,undefined,0,FALSE,63,NA,NA
true,https://api.elsevier.com/content/abstract/scopus_id/0028163050,SCOPUS_ID:0028163050,2-s2.0-0028163050,Sex ratio variation in relation to female philopatry in Townsend's voles,Lambin X.,Journal of Animal Ecology,00218790,63,4,945-953,1994-01-01,1994,10.2307/5271,52,Journal,ar,Article,100,1,1,29544,undefined,0,FALSE,64,NA,NA
true,https://api.elsevier.com/content/abstract/scopus_id/0028163047,SCOPUS_ID:0028163047,2-s2.0-0028163047,"Reproductive performance of female Antarctic fur seals: The influence of age, breeding experience, environmental variation and individual quality",Lunn N.,Journal of Animal Ecology,00218790,63,4,827-840,1994-01-01,1994,10.2307/5260,146,Journal,ar,Article,100,3,3,29544,undefined,0,FALSE,65,NA,NA
true,https://api.elsevier.com/content/abstract/scopus_id/0028163035,SCOPUS_ID:0028163035,2-s2.0-0028163035,Effects of the scale and spatial distribution of the food resource and animal state on diet selectin: An example with sheep,Edwards G.,Journal of Animal Ecology,00218790,63,4,816-826,1994-01-01,1994,10.2307/5259,64,Journal,ar,Article,100,4,4,29544,undefined,0,FALSE,66,NA,NA
true,https://api.elsevier.com/content/abstract/scopus_id/0028163025,SCOPUS_ID:0028163025,2-s2.0-0028163025,Correlates of local variation in the abundance of hedgehogs Erinaceus europaeus,Micol T.,Journal of Animal Ecology,00218790,63,4,851-860,1994-01-01,1994,10.2307/5262,46,Journal,ar,Article,100,3,3,29544,undefined,0,FALSE,67,NA,NA
true,https://api.elsevier.com/content/abstract/scopus_id/0028163011,SCOPUS_ID:0028163011,2-s2.0-0028163011,Habitat-specific guild structure of forest birds in south-eastern Australia: A regional scale perspective,MacNally R.,Journal of Animal Ecology,00218790,63,4,988-1001,1994-01-01,1994,10.2307/5275,81,Journal,ar,Article,100,1,1,29544,undefined,0,FALSE,68,NA,NA
true,https://api.elsevier.com/content/abstract/scopus_id/0028163004,SCOPUS_ID:0028163004,2-s2.0-0028163004,Spotted owl metapopulation dynamics in southern California,Lahaye W.,Journal of Animal Ecology,00218790,63,4,775-785,1994-01-01,1994,10.2307/5255,93,Journal,ar,Article,100,3,3,29544,undefined,0,FALSE,69,NA,NA
true,https://api.elsevier.com/content/abstract/scopus_id/0028162992,SCOPUS_ID:0028162992,2-s2.0-0028162992,Population dynamics of the barnacle goose Branta leucopsis in the Baltic area: Density-dependent effects on reproduction,Larsson K.,Journal of Animal Ecology,00218790,63,4,954-962,1994-01-01,1994,10.2307/5272,49,Journal,ar,Article,100,2,2,29544,undefined,0,FALSE,70,NA,NA
true,https://api.elsevier.com/content/abstract/scopus_id/0028162973,SCOPUS_ID:0028162973,2-s2.0-0028162973,Age-related hoarding strategies in the crested tit Parus cristatus: Should the cost of subordination by re-assessed?,Lens L.,Journal of Animal Ecology,00218790,63,4,749-755,1994-01-01,1994,10.2307/5252,42,Journal,ar,Article,100,3,3,29544,undefined,0,FALSE,71,NA,NA
true,https://api.elsevier.com/content/abstract/scopus_id/0028162970,SCOPUS_ID:0028162970,2-s2.0-0028162970,Causes and effects of divorce in the blue tit Parus caeruleus,Dhondt A.,Journal of Animal Ecology,00218790,63,4,979-987,1994-01-01,1994,10.2307/5274,91,Journal,ar,Article,100,2,2,29544,undefined,0,FALSE,72,NA,NA
true,https://api.elsevier.com/content/abstract/scopus_id/0028162964,SCOPUS_ID:0028162964,2-s2.0-0028162964,Natural selection of colony size in a passerine bird,Wiklund C.,Journal of Animal Ecology,00218790,63,4,765-774,1994-01-01,1994,10.2307/5254,70,Journal,ar,Article,100,2,2,29544,undefined,0,FALSE,73,NA,NA
true,https://api.elsevier.com/content/abstract/scopus_id/0028162922,SCOPUS_ID:0028162922,2-s2.0-0028162922,Long-distance breeding dispersal of snowy plovers in western North America,Stenzel L.,Journal of Animal Ecology,00218790,63,4,887-902,1994-01-01,1994,10.2307/5266,62,Journal,ar,Article,100,6,6,29544,undefined,0,FALSE,74,NA,NA
true,https://api.elsevier.com/content/abstract/scopus_id/0028162890,SCOPUS_ID:0028162890,2-s2.0-0028162890,Using stable isotopes to determine seabird trophic relationships,Hobson K.,Journal of Animal Ecology,00218790,63,4,786-798,1994-01-01,1994,10.2307/5256,620,Journal,ar,Article,100,3,3,29544,undefined,0,FALSE,75,NA,NA
true,https://api.elsevier.com/content/abstract/scopus_id/0028162844,SCOPUS_ID:0028162844,2-s2.0-0028162844,Priority effects and species coexistence: Experiments with fungal-breeding Drosophila,Shorrocks B.,Journal of Animal Ecology,00218790,63,4,799-806,1994-01-01,1994,10.2307/5257,84,Journal,ar,Article,100,2,2,29544,undefined,0,FALSE,76,NA,NA
true,https://api.elsevier.com/content/abstract/scopus_id/0028162837,SCOPUS_ID:0028162837,2-s2.0-0028162837,Experimental evidence of a mutualistic association between two web-building spiders,Elgar M.,Journal of Animal Ecology,00218790,63,4,880-886,1994-01-01,1994,10.2307/5265,18,Journal,ar,Article,100,1,1,29544,undefined,0,FALSE,77,NA,NA
true,https://api.elsevier.com/content/abstract/scopus_id/0028162814,SCOPUS_ID:0028162814,2-s2.0-0028162814,Clutch size in a larval-pupal endoparasitoid: Consequences for fitness,Vet L.,Journal of Animal Ecology,00218790,63,4,807-815,1994-01-01,1994,10.2307/5258,64,Journal,ar,Article,100,4,4,29544,undefined,0,FALSE,78,all,All Open Access
true,https://api.elsevier.com/content/abstract/scopus_id/0028162813,SCOPUS_ID:0028162813,2-s2.0-0028162813,Parasitism and generation cycles in a salt-marsh planthopper,Reeve J.,Journal of Animal Ecology,00218790,63,4,912-920,1994-01-01,1994,10.2307/5268,31,Journal,ar,Article,100,3,3,29544,undefined,0,FALSE,79,NA,NA
true,https://api.elsevier.com/content/abstract/scopus_id/0028162805,SCOPUS_ID:0028162805,2-s2.0-0028162805,The importance of being large: The relationship between size and fitness in females of the parasitoid Aphaereta minuta (Hymenoptera: Braconidae),Visser M.E.,Journal of Animal Ecology,00218790,63,4,963-978,1994-01-01,1994,10.2307/5273,284,Journal,ar,Article,100,1,1,29544,undefined,0,FALSE,80,NA,NA
true,https://api.elsevier.com/content/abstract/scopus_id/0028162786,SCOPUS_ID:0028162786,2-s2.0-0028162786,Long-term population dynamics of the Indian meal moth Plodia interpunctella and its granulosis virus,Sait S.,Journal of Animal Ecology,00218790,63,4,861-870,1994-01-01,1994,10.2307/5263,64,Journal,ar,Article,100,3,3,29544,undefined,0,FALSE,81,NA,NA
true,https://api.elsevier.com/content/abstract/scopus_id/0028162775,SCOPUS_ID:0028162775,2-s2.0-0028162775,Role of food supply in structuring a population of Formica ants,Deslippe R.,Journal of Animal Ecology,00218790,63,4,756-764,1994-01-01,1994,10.2307/5253,63,Journal,ar,Article,100,2,2,29544,undefined,0,FALSE,82,NA,NA
true,https://api.elsevier.com/content/abstract/scopus_id/0028162771,SCOPUS_ID:0028162771,2-s2.0-0028162771,"Limited nutrients in a dampwood termite: Nest preference, competition and cooperative nest defence",Shellman-Reeve J.,Journal of Animal Ecology,00218790,63,4,921-932,1994-01-01,1994,10.2307/5269,55,Journal,ar,Article,100,1,1,29544,undefined,0,FALSE,83,NA,NA
true,https://api.elsevier.com/content/abstract/scopus_id/0028162614,SCOPUS_ID:0028162614,2-s2.0-0028162614,Mosquito larvae (Culiseta longiareolata) prey upon and compete with toad tadpoles (Bufo viridis),Blaustein L.,Journal of Animal Ecology,00218790,63,4,841-850,1994-01-01,1994,10.2307/5261,62,Journal,ar,Article,100,2,2,29544,undefined,0,FALSE,84,NA,NA
true,https://api.elsevier.com/content/abstract/scopus_id/0028162542,SCOPUS_ID:0028162542,2-s2.0-0028162542,The adaptive value of offspring size among freshwater mussels (Bivalvia; Unionoidea),Bauer G.,Journal of Animal Ecology,00218790,63,4,933-944,1994-01-01,1994,10.2307/5270,60,Journal,ar,Article,100,1,1,29544,undefined,0,FALSE,85,NA,NA
true,https://api.elsevier.com/content/abstract/scopus_id/0028155846,SCOPUS_ID:0028155846,2-s2.0-0028155846,On defining assembly space: A reply to Grover and Lawton,Drake J.,Journal of Animal Ecology,00218790,63,2,488-489,1994-01-01,1994,10.2307/5566,9,Journal,ar,Article,100,3,3,29544,undefined,0,FALSE,86,NA,NA
true,https://api.elsevier.com/content/abstract/scopus_id/0028152267,SCOPUS_ID:0028152267,2-s2.0-0028152267,Appropriate time scales for identifying lags in density-dependent processes,Holyoak M.,Journal of Animal Ecology,00218790,63,2,479-483,1994-01-01,1994,10.2307/5564,9,Journal,ar,Article,100,1,1,29544,undefined,0,FALSE,87,NA,NA
true,https://api.elsevier.com/content/abstract/scopus_id/0028133728,SCOPUS_ID:0028133728,2-s2.0-0028133728,Local and ensemble dynamics of linked populations: Reply to Ruxton,Bascompte J.,Journal of Animal Ecology,00218790,63,4,1003,1994-01-01,1994,10.2307/5277,2,Journal,ar,Article,100,2,2,29544,undefined,0,FALSE,88,NA,NA
true,https://api.elsevier.com/content/abstract/scopus_id/0028110560,SCOPUS_ID:0028110560,2-s2.0-0028110560,The importance of refuges in the interaction between Contarinia sorghicola and its parasitic wasp Aprostocetus diplosidis,Lampo M.,Journal of Animal Ecology,00218790,63,1,176-186,1994-01-01,1994,10.2307/5593,9,Journal,ar,Article,100,1,1,29544,undefined,0,FALSE,89,NA,NA
true,https://api.elsevier.com/content/abstract/scopus_id/0028057132,SCOPUS_ID:0028057132,2-s2.0-0028057132,Habitat destruction and competitive coexistence: A cellular model,Dytham C.,Journal of Animal Ecology,00218790,63,2,490-491,1994-01-01,1994,10.2307/5567,43,Journal,ar,Article,100,1,1,29544,undefined,0,FALSE,90,NA,NA
true,https://api.elsevier.com/content/abstract/scopus_id/0028038861,SCOPUS_ID:0028038861,2-s2.0-0028038861,Experimental studies on community convergence and alternative stable states: Comments on a paper by Drake et al.,Grover J.,Journal of Animal Ecology,00218790,63,2,484-487,1994-01-01,1994,10.2307/5565,31,Journal,ar,Article,100,2,2,29544,undefined,0,FALSE,91,NA,NA
true,https://api.elsevier.com/content/abstract/scopus_id/0027975759,SCOPUS_ID:0027975759,2-s2.0-0027975759,Local and ensemble dynamics of linked populations,Ruxton G.,Journal of Animal Ecology,00218790,63,4,1002,1994-01-01,1994,10.2307/5276,6,Journal,ar,Article,100,1,1,29544,undefined,0,FALSE,92,NA,NA
true,https://api.elsevier.com/content/abstract/scopus_id/0027974603,SCOPUS_ID:0027974603,2-s2.0-0027974603,Models of diving and data from otters: Comments on Nolet et al. (1993),Houston A.,Journal of Animal Ecology,00218790,63,4,1004-1006,1994-01-01,1994,10.2307/5278,6,Journal,ar,Article,100,2,2,29544,undefined,0,FALSE,93,NA,NA
true,https://api.elsevier.com/content/abstract/scopus_id/0027952529,SCOPUS_ID:0027952529,2-s2.0-0027952529,Habitat destruction and the dynamics of metapopulation [and reply],Aldaz J.,Journal of Animal Ecology,00218790,63,2,492-494,1994-01-01,1994,10.2307/5568,1,Journal,ar,Article,100,1,1,29544,undefined,0,FALSE,94,NA,NA
